removal_date,debts_removed
2026-04-16,800
2026-04-17,949
2026-04-20,1000
2026-04-21,1000
2026-04-22,2844
2026-04-23,1933
2026-04-24,1347
2026-04-27,2056
2026-04-28,1644
2026-04-29,1170
2026-04-30,153
2026-05-04,2442
2026-05-05,1709
2026-05-06,1321
2026-05-07,2822
2026-05-08,2740
2026-05-12,2564
2026-05-13,2490
2026-05-14,2648
2026-05-15,2749
2026-05-19,2431
2026-05-20,2675
2026-05-21,2687
2026-05-22,2678
2026-05-26,2282
2026-05-27,2693
2026-05-28,2829
2026-05-29,2476
2026-06-03,2677
2026-06-04,2771
2026-06-05,2749
2026-06-08,2184
2026-06-09,2205
2026-06-10,3000
2026-06-11,1596
2026-06-12,1317
2026-06-15,1339
2026-06-16,1253
2026-06-17,1175
2026-06-18,1117
2026-06-19,897
2026-06-22,541
2026-06-23,1171
2026-06-24,1054
2026-06-25,1022
2026-06-26,2860
2026-06-29,2714
2026-06-30,3000
2026-07-01,3000
2026-07-02,1479
2026-07-03,1500
2026-07-06,1500
2026-07-07,1500
2026-07-08,1500
2026-07-09,1271
2026-07-10,1500
2026-07-13,1473
2026-07-14,1352
2026-07-15,1424
2026-07-16,1500
2026-07-17,1063
2026-07-20,1186
2026-07-21,1207
2026-07-22,1382
2026-07-23,1500
2026-07-24,1432
2026-07-27,844
2026-07-28,1082
2026-07-29,1270
2026-07-30,1338
2026-07-31,1400
2026-08-03,1353
2026-08-04,1250
2026-08-05,1395
2026-08-06,1297
2026-08-07,1472
2026-08-10,1073
2026-08-11,1308
2026-08-12,1478
2026-08-13,1376
2026-08-14,1498
2026-08-17,1500
2026-08-18,1436
2026-08-19,1412
2026-08-20,1371
2026-08-21,1482
2026-08-24,1500
2026-08-25,1277
2026-08-26,1500
2026-08-27,1420
2026-08-28,1412
2026-08-31,1500
2026-09-01,1261
2026-09-02,1301
2026-09-03,1442
2026-09-04,1363
2026-09-07,1497
2026-09-08,1453
2026-09-09,1458
2026-09-10,1466
2026-09-11,1500
2026-09-14,1500
2026-09-15,1500
2026-09-16,1447
2026-09-17,1365
2026-09-18,1496
2026-09-21,1468
2026-09-22,1376
2026-09-23,1394
2026-09-24,1500
2026-09-25,1500
2026-09-28,1216
2026-09-29,1190
2026-09-30,1377
2026-10-01,1378
2026-10-02,1462
