call_hour,day_of_week,dow_num,total_calls,answered,contact_rate_pct
19,Friday,6,238,55,23.11
18,Monday,2,517,109,21.08
18,Friday,6,664,137,20.63
17,Friday,6,384,58,15.10
14,Tuesday,3,2904,382,13.15
13,Wednesday,4,4256,525,12.34
11,Friday,6,5179,628,12.13
11,Wednesday,4,5455,642,11.77
11,Tuesday,3,3824,443,11.58
12,Wednesday,4,4883,559,11.45
14,Thursday,5,2887,330,11.43
17,Monday,2,44,5,11.36
13,Thursday,5,3889,441,11.34
14,Wednesday,4,3631,405,11.15
10,Wednesday,4,5725,632,11.04
11,Monday,2,6239,663,10.63
10,Monday,2,5050,530,10.50
10,Tuesday,3,3591,376,10.47
13,Friday,6,4986,521,10.45
11,Thursday,5,5530,571,10.33
12,Tuesday,3,4094,422,10.31
13,Tuesday,3,3832,393,10.26
16,Friday,6,2801,286,10.21
15,Thursday,5,1978,200,10.11
12,Thursday,5,5445,545,10.01
14,Friday,6,5603,546,9.74
12,Friday,6,6558,637,9.71
10,Friday,6,4994,482,9.65
16,Monday,2,2656,250,9.41
15,Tuesday,3,2213,208,9.40
13,Monday,2,5488,512,9.33
9,Wednesday,4,3022,278,9.20
16,Tuesday,3,2381,218,9.16
16,Thursday,5,1543,140,9.07
15,Friday,6,3752,333,8.88
10,Thursday,5,5425,481,8.87
15,Wednesday,4,4053,358,8.83
12,Monday,2,7563,657,8.69
16,Wednesday,4,2513,214,8.52
9,Thursday,5,1970,161,8.17
15,Monday,2,2270,184,8.11
9,Monday,2,2261,181,8.01
14,Monday,2,4446,300,6.75
9,Friday,6,2113,129,6.11
9,Tuesday,3,1623,98,6.04
17,Wednesday,4,79,4,5.06
